{
    "gdp": {
        "concentration_var": 1.96307028780094, 
        "concentration_units": "M", 
        "concentration": 3.02842323631178e-05, 
        "concentration_ub": 7.67074719466527e-05, 
        "concentration_lb": 1.19562632759054e-05
    }, 
    "tyr-L": {
        "concentration_var": 1.79734185536795, 
        "concentration_units": "M", 
        "concentration": 7.41374441728588e-06, 
        "concentration_ub": 1.76337709085267e-05, 
        "concentration_lb": 3.11695136394566e-06
    }, 
    "mal-L": {
        "concentration_var": 1.14817035901234, 
        "concentration_units": "M", 
        "concentration": 9.63460613563278e-05, 
        "concentration_ub": 0.000146727635246416, 
        "concentration_lb": 6.32639074656115e-05
    }, 
    "phe-L": {
        "concentration_var": 1.16031556457202, 
        "concentration_units": "M", 
        "concentration": 1.33047910227585e-05, 
        "concentration_ub": 2.05832675865156e-05, 
        "concentration_lb": 8.60006621471717e-06
    }, 
    "glu-L": {
        "concentration_var": 1.04677351499738, 
        "concentration_units": "M", 
        "concentration": 0.00851632417621425, 
        "concentration_ub": 0.0108474277647267, 
        "concentration_lb": 0.00668617289254642
    }, 
    "gln-L": {
        "concentration_var": 1.03102338453556, 
        "concentration_units": "M", 
        "concentration": 0.000939423912240153, 
        "concentration_ub": 0.00114488725098837, 
        "concentration_lb": 0.000770833360338958
    }, 
    "met-L": {
        "concentration_var": 1.16423631704342, 
        "concentration_units": "M", 
        "concentration": 4.64915119059267e-06, 
        "concentration_ub": 7.22798962296532e-06, 
        "concentration_lb": 2.99040368352406e-06
    }, 
    "6pgc": {
        "concentration_var": 1.53532268130489, 
        "concentration_units": "M", 
        "concentration": 1.91232738650952e-05, 
        "concentration_ub": 4.01195064980947e-05, 
        "concentration_lb": 9.11525677258267e-06
    }, 
    "5oxpro": {
        "concentration_var": 1.11252474469951, 
        "concentration_units": "M", 
        "concentration": 0.000412386722999942, 
        "concentration_ub": 0.000596740651970939, 
        "concentration_lb": 0.000284986130482213
    }, 
    "gthrd": {
        "concentration_var": 1.08203597302336, 
        "concentration_units": "M", 
        "concentration": 0.00264721116927604, 
        "concentration_ub": 0.00363734245414163, 
        "concentration_lb": 0.00192660632401014
    }, 
    "r5p": {
        "concentration_var": 1.18272999350855, 
        "concentration_units": "M", 
        "concentration": 1.37654805810745e-05, 
        "concentration_ub": 2.18837316166583e-05, 
        "concentration_lb": 8.6588731276387e-06
    }, 
    "dtmp": {
        "concentration_var": 1.42496364237132, 
        "concentration_units": "M", 
        "concentration": 2.44504167489936e-06, 
        "concentration_ub": 4.79456693775662e-06, 
        "concentration_lb": 1.2468756552165e-06
    }, 
    "nadph": {
        "concentration_var": 1.25975355169458, 
        "concentration_units": "M", 
        "concentration": 7.5687692798687e-07, 
        "concentration_ub": 1.30372368273251e-06, 
        "concentration_lb": 4.39404984128357e-07
    }, 
    "itp": {
        "concentration_var": 1.12847704828505, 
        "concentration_units": "M", 
        "concentration": 1.54200570816825e-06, 
        "concentration_ub": 2.28530786598269e-06, 
        "concentration_lb": 1.04046445532231e-06
    }, 
    "glx": {
        "concentration_var": 1.22169421390151, 
        "concentration_units": "M", 
        "concentration": 0.000144729482033976, 
        "concentration_ub": 0.000240143811254995, 
        "concentration_lb": 8.72253291074031e-05
    }, 
    "nadp": {
        "concentration_var": 1.0598842377568, 
        "concentration_units": "M", 
        "concentration": 2.85832579899167e-05, 
        "concentration_ub": 3.75518641298934e-05, 
        "concentration_lb": 2.17566466072654e-05
    }, 
    "dtdpglu": {
        "concentration_var": 1.02354131352725, 
        "concentration_units": "M", 
        "concentration": 2.73715211516895e-07, 
        "concentration_ub": 3.25285609521974e-07, 
        "concentration_lb": 2.30320723765917e-07
    }, 
    "adp": {
        "concentration_var": 1.49077081390325, 
        "concentration_units": "M", 
        "concentration": 5.74933891466023e-05, 
        "concentration_ub": 0.000117534074261101, 
        "concentration_lb": 2.81236723592134e-05
    }, 
    "imp": {
        "concentration_var": 1.52148604949474, 
        "concentration_units": "M", 
        "concentration": 3.31226906840315e-05, 
        "concentration_ub": 6.89451012062386e-05, 
        "concentration_lb": 1.59128439723105e-05
    }, 
    "actp": {
        "concentration_var": 1.16985799403689, 
        "concentration_units": "M", 
        "concentration": 0.000299592891708098, 
        "concentration_ub": 0.000469015364409118, 
        "concentration_lb": 0.000191370917827176
    }, 
    "pep": {
        "concentration_var": 1.17539058091421, 
        "concentration_units": "M", 
        "concentration": 4.27725322298553e-05, 
        "concentration_ub": 6.74102461558607e-05, 
        "concentration_lb": 2.71396355551648e-05
    }, 
    "asn-L": {
        "concentration_var": 1.02979805604308, 
        "concentration_units": "M", 
        "concentration": 9.97972266719248e-05, 
        "concentration_ub": 0.000121152179977624, 
        "concentration_lb": 8.22064155448708e-05
    }, 
    "gtp": {
        "concentration_var": 1.01584062192745, 
        "concentration_units": "M", 
        "concentration": 0.000182278680123389, 
        "concentration_ub": 0.000210061629906251, 
        "concentration_lb": 0.000158170329547347
    }, 
    "dhap": {
        "concentration_var": 1.1404083420814, 
        "concentration_units": "M", 
        "concentration": 0.000291581977931473, 
        "concentration_ub": 0.000439438407820576, 
        "concentration_lb": 0.000193474326188493
    }, 
    "glyc3p": {
        "concentration_var": 1.19046758545734, 
        "concentration_units": "M", 
        "concentration": 0.000524933892364215, 
        "concentration_ub": 0.000841993372253728, 
        "concentration_lb": 0.000327265748678137
    }, 
    "ade": {
        "concentration_var": 1.08632178009758, 
        "concentration_units": "M", 
        "concentration": 8.62601088434798e-06, 
        "concentration_ub": 1.1946004279947e-05, 
        "concentration_lb": 6.22869890493793e-06
    }, 
    "ser-L": {
        "concentration_var": 1.05018671064519, 
        "concentration_units": "M", 
        "concentration": 5.21356413104419e-05, 
        "concentration_ub": 6.69709339576774e-05, 
        "concentration_lb": 4.05866386239855e-05
    }, 
    "mmal": {
        "concentration_var": 1.07482982810891, 
        "concentration_units": "M", 
        "concentration": 3.81119770991717e-06, 
        "concentration_ub": 5.16511586590894e-06, 
        "concentration_lb": 2.81217853793911e-06
    }, 
    "xan": {
        "concentration_var": 1.04412148056832, 
        "concentration_units": "M", 
        "concentration": 1.5611003274975e-06, 
        "concentration_ub": 1.97491457036719e-06, 
        "concentration_lb": 1.23399476062385e-06
    }, 
    "adn": {
        "concentration_var": 1.56943030327488, 
        "concentration_units": "M", 
        "concentration": 3.57101174322424e-06, 
        "concentration_ub": 7.63356196178584e-06, 
        "concentration_lb": 1.67053400942882e-06
    }, 
    "arg-L": {
        "concentration_var": 1.17423299070232, 
        "concentration_units": "M", 
        "concentration": 0.00110903679608777, 
        "concentration_ub": 0.00174543500873961, 
        "concentration_lb": 0.000704673968906351
    }, 
    "gam6p": {
        "concentration_var": 1.1415111534022, 
        "concentration_units": "M",